<?xml version="1.0" encoding="UTF-8"?><ExampleScenario xmlns="http://hl7.org/fhir"><id value="Scenario1"/><url value="http://smart.who.int/ig/smart-immunizations-measles/ExampleScenario/Scenario1"/><version value="0.1.0"/><status value="draft"/><date value="2023-10-10T18:20:31+00:00"/><publisher value="WHO"/><contact><name value="WHO"/><telecom><system value="url"/><value value="http://who.int"/></telecom></contact><purpose value="Purpose: this serves to demonstrate the comprehensive usage of the SMART Guidelines for Immunization, by applying to a concrete scenario for Measles."/><actor><actorId value="HCW"/><type value="person"/><name value="Healthcare Worker"/><description value="Healthcare Worker"/></actor><actor><actorId value="FF"/><type value="entity"/><name value="Form Filler"/><description value="Form Filler"/></actor><instance><resourceId value="IMMZCQuestionnaireResponse1"/><resourceType value="QuestionnaireResponse"/><name value="Client registry details"/><description value="Client registry details."/></instance><process><title value="Measles Immunization Guideline"/><description value="This scenario demonstrates the process of triggering guidance defined by the SMART guidelines."/><preConditions value="Unvaccinated patient enters facility"/><postConditions value="Patient is vaccinated and records are updated."/><step><operation><number value="1"/><name value="Gather patient details"/><initiator value="HCW"/><receiver value="FF"/></operation></step><step><operation><number value="2"/><name value="Extract data"/><initiator value="FF"/><receiver value="FF"/><response><resourceId value="IMMZCQuestionnaireResponse1"/></response></operation></step></process></ExampleScenario>