<?xml version="1.0" encoding="UTF-8"?><PlanDefinition xmlns="http://hl7.org/fhir"><id value="IMMZD2DTMeasles"/><meta><profile value="http://hl7.org/fhir/uv/cpg/StructureDefinition/cpg-recommendationdefinition"/></meta><extension url="http://hl7.org/fhir/uv/cpg/StructureDefinition/cpg-knowledgeCapability"><valueCode value="computable"/></extension><url value="http://smart.who.int/ig/smart-immunizations-measles/PlanDefinition/IMMZD2DTMeasles"/><version value="0.1.0"/><name value="IMMZD2DTMeasles"/><title value="IMMZ.D2.DT.Measles"/><type><coding><system value="http://terminology.hl7.org/CodeSystem/plan-definition-type"/><code value="eca-rule"/></coding></type><status value="draft"/><experimental value="false"/><date value="2023-10-10T18:20:31+00:00"/><publisher value="WHO"/><contact><name value="WHO"/><telecom><system value="url"/><value value="http://who.int"/></telecom></contact><description value="If the child or patient has not been given MCV1 (at 9 months) and MCV2 (between 15-18 months) vaccination"/><library value="http://fhir.org/guides/who/smart-immunization/Library/IMMZD2DTMeasles"/><action><title value="Immunize patient for Measles"/><description value="Provide measles immunization"/><condition><kind value="applicability"/><expression><description value="Provision of the MCV dose"/><language value="text/cql-identifier"/><expression value="Provision of the MCV dose"/></expression></condition><definitionCanonical value="http://smart.who.int/ig/smart-immunizations-measles/ActivityDefinition/IMMZD2DTMeaslesMR"/></action></PlanDefinition>