<?xml version="1.0" encoding="UTF-8"?><ValueSet xmlns="http://hl7.org/fhir"><id value="IMMZ-D1.DE73"/><text><status value="extensions"/><div xmlns="http://www.w3.org/1999/xhtml"><ul><li>Include these codes as defined in <a href="CodeSystem-IMMZ-D1.html"><code>http://smart.who.int/ig/smart-immunizations-measles/CodeSystem/IMMZ-D1</code></a><table class="none"><tr><td style="white-space:nowrap"><b>Code</b></td><td><b>Display</b></td><td><b>Definition</b></td></tr><tr><td><a href="CodeSystem-IMMZ-D1.html#IMMZ-D1-DE74">DE74</a></td><td>Live attenuated hepatitis A vaccine</td><td>Live attenuated hepatitis A vaccine</td></tr><tr><td><a href="CodeSystem-IMMZ-D1.html#IMMZ-D1-DE75">DE75</a></td><td>Inactivated hepatitis A vaccine</td><td>Inactivated hepatitis A vaccine</td></tr></table></li></ul></div></text><url value="http://smart.who.int/ig/smart-immunizations-measles/ValueSet/IMMZ-D1.DE73"/><version value="0.1.0"/><name value="IMMZ_D1_DE73"/><title value="IMMZ-D1.DE73 ValueSet for Type of last hepatitis A dose"/><status value="active"/><experimental value="false"/><date value="2023-10-10T18:20:31+00:00"/><publisher value="WHO"/><contact><name value="WHO"/><telecom><system value="url"/><value value="http://who.int"/></telecom></contact><description value="ValueSet for Type of last hepatitis A dose for IMMZ-D1.DE73."/><compose><include><system value="http://smart.who.int/ig/smart-immunizations-measles/CodeSystem/IMMZ-D1"/><concept><code value="DE74"/><display value="Live attenuated hepatitis A vaccine"/></concept><concept><code value="DE75"/><display value="Inactivated hepatitis A vaccine"/></concept></include></compose></ValueSet>