{"resourceType":"ExampleScenario","id":"Scenario1","url":"http://smart.who.int/ig/smart-immunizations-measles/ExampleScenario/Scenario1","version":"0.1.0","status":"draft","date":"2023-10-10T18:20:31+00:00","publisher":"WHO","contact":[{"name":"WHO","telecom":[{"system":"url","value":"http://who.int"}]}],"purpose":"Purpose: this serves to demonstrate the comprehensive usage of the SMART Guidelines for Immunization, by applying to a concrete scenario for Measles.","actor":[{"actorId":"HCW","type":"person","name":"Healthcare Worker","description":"Healthcare Worker"},{"actorId":"FF","type":"entity","name":"Form Filler","description":"Form Filler"}],"instance":[{"resourceId":"IMMZCQuestionnaireResponse1","resourceType":"QuestionnaireResponse","name":"Client registry details","description":"Client registry details."}],"process":[{"title":"Measles Immunization Guideline","description":"This scenario demonstrates the process of triggering guidance defined by the SMART guidelines.","preConditions":"Unvaccinated patient enters facility","postConditions":"Patient is vaccinated and records are updated.","step":[{"operation":{"number":"1","name":"Gather patient details","initiator":"HCW","receiver":"FF"}},{"operation":{"number":"2","name":"Extract data","initiator":"FF","receiver":"FF","response":{"resourceId":"IMMZCQuestionnaireResponse1"}}}]}]}