[
  {
    "id" : "IMMZD2DTMeaslesMR",
    "type" : "ActivityDefinition",
    "url" : "http://smart.who.int/ig/smart-immunizations-measles/ActivityDefinition/IMMZD2DTMeaslesMR",
    "version" : "0.1.0",
    "name" : "IMMZD2DTMeaslesMR"
  },
  {
    "id" : "CommunityHealthWorker",
    "type" : "ActorDefinition",
    "url" : "http://smart.who.int/ig/smart-immunizations-measles/ActorDefinition/CommunityHealthWorker",
    "version" : "0.1.0",
    "name" : "Community Health Worker"
  },
  {
    "id" : "EPIManager",
    "type" : "ActorDefinition",
    "url" : "http://smart.who.int/ig/smart-immunizations-measles/ActorDefinition/EPIManager",
    "version" : "0.1.0",
    "name" : "Expanded Programme on Immunization (EPI) Manager"
  },
  {
    "id" : "HealthWorker",
    "type" : "ActorDefinition",
    "url" : "http://smart.who.int/ig/smart-immunizations-measles/ActorDefinition/HealthWorker",
    "version" : "0.1.0",
    "name" : "HealthcareWorker"
  },
  {
    "id" : "IMMZ-C",
    "type" : "CodeSystem",
    "url" : "http://smart.who.int/ig/smart-immunizations-measles/CodeSystem/IMMZ-C",
    "version" : "0.1.0",
    "name" : "IMMZ_C"
  },
  {
    "id" : "IMMZ-D1",
    "type" : "CodeSystem",
    "url" : "http://smart.who.int/ig/smart-immunizations-measles/CodeSystem/IMMZ-D1",
    "version" : "0.1.0",
    "name" : "IMMZ_D1"
  },
  {
    "id" : "IMMZ-D1.ConceptMap",
    "type" : "ConceptMap",
    "url" : "http://smart.who.int/ig/smart-immunizations-measles/ConceptMap/IMMZ-D1.ConceptMap",
    "version" : "0.1.0",
    "name" : "IMMZ_D1_ConceptMap"
  },
  {
    "id" : "IMMZ.C.ConceptMap",
    "type" : "ConceptMap",
    "url" : "http://smart.who.int/ig/smart-immunizations-measles/ConceptMap/IMMZ.C.ConceptMap",
    "version" : "0.1.0",
    "name" : "IMMZ_C_ConceptMap"
  },
  {
    "id" : "IMMZCSexToAdministrativeGender",
    "type" : "ConceptMap",
    "url" : "http://smart.who.int/ig/smart-immunizations-measles/ConceptMap/IMMZCSexToAdministrativeGender",
    "version" : "0.1.0",
    "name" : "IMMZCSexToAdministrativeGender"
  },
  {
    "id" : "Scenario1",
    "type" : "ExampleScenario",
    "url" : "http://smart.who.int/ig/smart-immunizations-measles/ExampleScenario/Scenario1",
    "version" : "0.1.0"
  },
  {
    "id" : "who.fhir.smart-immunizations-measles",
    "type" : "ImplementationGuide",
    "url" : "http://smart.who.int/ig/smart-immunizations-measles/ImplementationGuide/who.fhir.smart-immunizations-measles",
    "version" : "0.1.0",
    "name" : "SMART"
  },
  {
    "id" : "IMMZD2DTMeasles",
    "type" : "PlanDefinition",
    "url" : "http://smart.who.int/ig/smart-immunizations-measles/PlanDefinition/IMMZD2DTMeasles",
    "version" : "0.1.0",
    "name" : "IMMZD2DTMeasles"
  },
  {
    "id" : "Questionnaire-IMMZCRegisterClient",
    "type" : "Questionnaire",
    "url" : "http://smart.who.int/ig/smart-immunizations-measles/Questionnaire/Questionnaire-IMMZCRegisterClient",
    "version" : "0.1.0",
    "name" : "ClientRegistrationQuestionnaire"
  },
  {
    "id" : "Questionnaire-IMMZD1ClientHistory",
    "type" : "Questionnaire",
    "url" : "http://smart.who.int/ig/smart-immunizations-measles/Questionnaire/Questionnaire-IMMZD1ClientHistory",
    "version" : "0.1.0"
  },
  {
    "id" : "immz-e-fxnreq",
    "type" : "Requirements",
    "url" : "http://smart.who.int/ig/smart-immunizations-measles/Requirements/immz-e-fxnreq",
    "version" : "0.1.0"
  },
  {
    "id" : "IMMZCRegisterClient",
    "type" : "StructureDefinition",
    "url" : "http://smart.who.int/ig/smart-immunizations-measles/StructureDefinition/IMMZCRegisterClient",
    "version" : "0.1.0",
    "name" : "IMMZCRegisterClient"
  },
  {
    "id" : "IMMZD1clienthistorymeasles",
    "type" : "StructureDefinition",
    "url" : "http://smart.who.int/ig/smart-immunizations-measles/StructureDefinition/IMMZD1clienthistorymeasles",
    "version" : "0.1.0",
    "name" : "ClientHistoryMeasles"
  },
  {
    "id" : "IMMZ-C-DE5",
    "type" : "ValueSet",
    "url" : "http://smart.who.int/ig/smart-immunizations-measles/ValueSet/IMMZ-C-DE5",
    "version" : "0.1.0",
    "name" : "IMMZ_C_DE5"
  },
  {
    "id" : "IMMZ-D1.DE10",
    "type" : "ValueSet",
    "url" : "http://smart.who.int/ig/smart-immunizations-measles/ValueSet/IMMZ-D1.DE10",
    "version" : "0.1.0",
    "name" : "IMMZ_D1_DE10"
  },
  {
    "id" : "IMMZ-D1.DE35",
    "type" : "ValueSet",
    "url" : "http://smart.who.int/ig/smart-immunizations-measles/ValueSet/IMMZ-D1.DE35",
    "version" : "0.1.0",
    "name" : "IMMZ_D1_DE35"
  },
  {
    "id" : "IMMZ-D1.DE52",
    "type" : "ValueSet",
    "url" : "http://smart.who.int/ig/smart-immunizations-measles/ValueSet/IMMZ-D1.DE52",
    "version" : "0.1.0",
    "name" : "IMMZ_D1_DE52"
  },
  {
    "id" : "IMMZ-D1.DE56",
    "type" : "ValueSet",
    "url" : "http://smart.who.int/ig/smart-immunizations-measles/ValueSet/IMMZ-D1.DE56",
    "version" : "0.1.0",
    "name" : "IMMZ_D1_DE56"
  },
  {
    "id" : "IMMZ-D1.DE61",
    "type" : "ValueSet",
    "url" : "http://smart.who.int/ig/smart-immunizations-measles/ValueSet/IMMZ-D1.DE61",
    "version" : "0.1.0",
    "name" : "IMMZ_D1_DE61"
  },
  {
    "id" : "IMMZ-D1.DE65",
    "type" : "ValueSet",
    "url" : "http://smart.who.int/ig/smart-immunizations-measles/ValueSet/IMMZ-D1.DE65",
    "version" : "0.1.0",
    "name" : "IMMZ_D1_DE65"
  },
  {
    "id" : "IMMZ-D1.DE68",
    "type" : "ValueSet",
    "url" : "http://smart.who.int/ig/smart-immunizations-measles/ValueSet/IMMZ-D1.DE68",
    "version" : "0.1.0",
    "name" : "IMMZ_D1_DE68"
  },
  {
    "id" : "IMMZ-D1.DE73",
    "type" : "ValueSet",
    "url" : "http://smart.who.int/ig/smart-immunizations-measles/ValueSet/IMMZ-D1.DE73",
    "version" : "0.1.0",
    "name" : "IMMZ_D1_DE73"
  },
  {
    "id" : "IMMZ-D1.DE84",
    "type" : "ValueSet",
    "url" : "http://smart.who.int/ig/smart-immunizations-measles/ValueSet/IMMZ-D1.DE84",
    "version" : "0.1.0",
    "name" : "IMMZ_D1_DE84"
  },
  {
    "id" : "IMMZ-D1.DE87",
    "type" : "ValueSet",
    "url" : "http://smart.who.int/ig/smart-immunizations-measles/ValueSet/IMMZ-D1.DE87",
    "version" : "0.1.0",
    "name" : "IMMZ_D1_DE87"
  }
]
