{
  "resourceType" : "ValueSet",
  "id" : "IMMZ-D1.DE73",
  "text" : {
    "status" : "extensions",
    "div" : "<div xmlns=\"http://www.w3.org/1999/xhtml\"><ul><li>Include these codes as defined in <a href=\"CodeSystem-IMMZ-D1.html\"><code>http://smart.who.int/ig/smart-immunizations-measles/CodeSystem/IMMZ-D1</code></a><table class=\"none\"><tr><td style=\"white-space:nowrap\"><b>Code</b></td><td><b>Display</b></td><td><b>Definition</b></td></tr><tr><td><a href=\"CodeSystem-IMMZ-D1.html#IMMZ-D1-DE74\">DE74</a></td><td>Live attenuated hepatitis A vaccine</td><td>Live attenuated hepatitis A vaccine</td></tr><tr><td><a href=\"CodeSystem-IMMZ-D1.html#IMMZ-D1-DE75\">DE75</a></td><td>Inactivated hepatitis A vaccine</td><td>Inactivated hepatitis A vaccine</td></tr></table></li></ul></div>"
  },
  "url" : "http://smart.who.int/ig/smart-immunizations-measles/ValueSet/IMMZ-D1.DE73",
  "version" : "0.1.0",
  "name" : "IMMZ_D1_DE73",
  "title" : "IMMZ-D1.DE73 ValueSet for Type of last hepatitis A dose",
  "status" : "active",
  "experimental" : false,
  "date" : "2023-10-10T18:20:31+00:00",
  "publisher" : "WHO",
  "contact" : [{
    "name" : "WHO",
    "telecom" : [{
      "system" : "url",
      "value" : "http://who.int"
    }]
  }],
  "description" : "ValueSet for Type of last hepatitis A dose for IMMZ-D1.DE73.",
  "compose" : {
    "include" : [{
      "system" : "http://smart.who.int/ig/smart-immunizations-measles/CodeSystem/IMMZ-D1",
      "concept" : [{
        "code" : "DE74",
        "display" : "Live attenuated hepatitis A vaccine"
      },
      {
        "code" : "DE75",
        "display" : "Inactivated hepatitis A vaccine"
      }]
    }]
  }
}