{
  "resourceType" : "ValueSet",
  "id" : "IMMZ-D1.DE52",
  "text" : {
    "status" : "extensions",
    "div" : "<div xmlns=\"http://www.w3.org/1999/xhtml\"><ul><li>Include these codes as defined in <a href=\"CodeSystem-IMMZ-D1.html\"><code>http://smart.who.int/ig/smart-immunizations-measles/CodeSystem/IMMZ-D1</code></a><table class=\"none\"><tr><td style=\"white-space:nowrap\"><b>Code</b></td><td><b>Display</b></td><td><b>Definition</b></td></tr><tr><td><a href=\"CodeSystem-IMMZ-D1.html#IMMZ-D1-DE53\">DE53</a></td><td>Inactivated Vero cell-derived vaccine</td><td>Inactivated Vero cell-derived Japanese encephalitis (JE) vaccine type</td></tr><tr><td><a href=\"CodeSystem-IMMZ-D1.html#IMMZ-D1-DE54\">DE54</a></td><td>Live attenuated vaccine</td><td>Live attenuated Japanese encephalitis (JE) vaccine type</td></tr><tr><td><a href=\"CodeSystem-IMMZ-D1.html#IMMZ-D1-DE55\">DE55</a></td><td>Live recombinant vaccine</td><td>Live recombinant Japanese encephalitis (JE) vaccine type</td></tr></table></li></ul></div>"
  },
  "url" : "http://smart.who.int/ig/smart-immunizations-measles/ValueSet/IMMZ-D1.DE52",
  "version" : "0.1.0",
  "name" : "IMMZ_D1_DE52",
  "title" : "IMMZ-D1.DE52 ValueSet for Type of last JE dose",
  "status" : "active",
  "experimental" : false,
  "date" : "2023-10-10T18:20:31+00:00",
  "publisher" : "WHO",
  "contact" : [{
    "name" : "WHO",
    "telecom" : [{
      "system" : "url",
      "value" : "http://who.int"
    }]
  }],
  "description" : "ValueSet for Type of last JE dose for IMMZ-D1.DE52.",
  "compose" : {
    "include" : [{
      "system" : "http://smart.who.int/ig/smart-immunizations-measles/CodeSystem/IMMZ-D1",
      "concept" : [{
        "code" : "DE53",
        "display" : "Inactivated Vero cell-derived vaccine"
      },
      {
        "code" : "DE54",
        "display" : "Live attenuated vaccine"
      },
      {
        "code" : "DE55",
        "display" : "Live recombinant vaccine"
      }]
    }]
  }
}