<?xml version="1.0" encoding="UTF-8"?>

<ValueSet xmlns="http://hl7.org/fhir">
  <id value="IMMZ-D1.DE84"/>
  <text>
    <status value="extensions"/><div xmlns="http://www.w3.org/1999/xhtml"><ul><li>Include these codes as defined in <a href="CodeSystem-IMMZ-D1.html"><code>http://smart.who.int/ig/smart-immunizations-measles/CodeSystem/IMMZ-D1</code></a><table class="none"><tr><td style="white-space:nowrap"><b>Code</b></td><td><b>Display</b></td><td><b>Definition</b></td></tr><tr><td><a href="CodeSystem-IMMZ-D1.html#IMMZ-D1-DE85">DE85</a></td><td>IGRA</td><td>Interferon-gamma release assay (IGRA)</td></tr><tr><td><a href="CodeSystem-IMMZ-D1.html#IMMZ-D1-DE86">DE86</a></td><td>TST</td><td>Tuberculin skin test (TST)</td></tr></table></li></ul></div>
  </text>
  <url value="http://smart.who.int/ig/smart-immunizations-measles/ValueSet/IMMZ-D1.DE84"/>
  <version value="0.1.0"/>
  <name value="IMMZ_D1_DE84"/>
  <title value="IMMZ-D1.DE84 ValueSet for Type of TB infection test performed"/>
  <status value="active"/>
  <experimental value="false"/>
  <date value="2023-10-10T18:20:31+00:00"/>
  <publisher value="WHO"/>
  <contact>
    <name value="WHO"/>
    <telecom>
      <system value="url"/>
      <value value="http://who.int"/>
    </telecom>
  </contact>
  <description value="ValueSet for Type of TB infection test performed for IMMZ-D1.DE84."/>
  <compose>
    <include>
      <system value="http://smart.who.int/ig/smart-immunizations-measles/CodeSystem/IMMZ-D1"/>
      <concept>
        <code value="DE85"/>
        <display value="IGRA"/>
      </concept>
      <concept>
        <code value="DE86"/>
        <display value="TST"/>
      </concept>
    </include>
  </compose>
</ValueSet>