<?xml version="1.0" encoding="UTF-8"?>

<Bundle xmlns="http://hl7.org/fhir">
  <id value="345f253f-9daa-4a58-8716-2c4a22eae825"/>
  <meta>
    <lastUpdated value="2023-10-10T18:20:31.905+00:00"/>
  </meta>
  <type value="collection"/>
  <entry>
    <fullUrl value="http://smart.who.int/ig/smart-immunizations-measles/ValueSet/IMMZ-C-DE5"/>
    <resource>
      <ValueSet>
        <text>
          <status value="generated"/>
          <div xmlns="http://www.w3.org/1999/xhtml">
            <p>This value set contains 4 concepts</p>
            <p style="border: black 1px dotted; background-color: #EEEEEE; padding: 8px; margin-bottom: 8px">Expansion based on 
              <a href="CodeSystem-IMMZ-C.html">codesystem IMMZ-C CodeSystem for Data Elements v0.1.0 (CodeSystem)</a>
            </p>
            <table class="codes">
              <tr>
                <td style="white-space:nowrap">
                  <b>Code</b>
                </td>
                <td>
                  <b>System</b>
                </td>
                <td>
                  <b>Display</b>
                </td>
                <td>
                  <b>Definition</b>
                </td>
              </tr>
              <tr>
                <td style="white-space:nowrap">
                  <a name="http---smart.who.int-ig-smart-immunizations-measles-CodeSystem-IMMZ-C-DE6"> </a>  
                  <a href="CodeSystem-IMMZ-C.html#IMMZ-C-DE6">DE6</a>
                </td>
                <td>http://smart.who.int/ig/smart-immunizations-measles/CodeSystem/IMMZ-C</td>
                <td>Male</td>
                <td>
                  <div>
                    <p>Client's biological sex is male</p>

                  </div>
                </td>
              </tr>
              <tr>
                <td style="white-space:nowrap">
                  <a name="http---smart.who.int-ig-smart-immunizations-measles-CodeSystem-IMMZ-C-DE7"> </a>  
                  <a href="CodeSystem-IMMZ-C.html#IMMZ-C-DE7">DE7</a>
                </td>
                <td>http://smart.who.int/ig/smart-immunizations-measles/CodeSystem/IMMZ-C</td>
                <td>Female</td>
                <td>
                  <div>
                    <p>Client's biological sex is female</p>

                  </div>
                </td>
              </tr>
              <tr>
                <td style="white-space:nowrap">
                  <a name="http---smart.who.int-ig-smart-immunizations-measles-CodeSystem-IMMZ-C-DE8"> </a>  
                  <a href="CodeSystem-IMMZ-C.html#IMMZ-C-DE8">DE8</a>
                </td>
                <td>http://smart.who.int/ig/smart-immunizations-measles/CodeSystem/IMMZ-C</td>
                <td>Biological sex not specified</td>
                <td>
                  <div>
                    <p>Client's biological sex is not specified</p>

                  </div>
                </td>
              </tr>
              <tr>
                <td style="white-space:nowrap">
                  <a name="http---smart.who.int-ig-smart-immunizations-measles-CodeSystem-IMMZ-C-DE9"> </a>  
                  <a href="CodeSystem-IMMZ-C.html#IMMZ-C-DE9">DE9</a>
                </td>
                <td>http://smart.who.int/ig/smart-immunizations-measles/CodeSystem/IMMZ-C</td>
                <td>Intersex</td>
                <td>
                  <div>
                    <p>Client's biological sex is intersex</p>

                  </div>
                </td>
              </tr>
            </table>
          </div>
        </text>
        <url value="http://smart.who.int/ig/smart-immunizations-measles/ValueSet/IMMZ-C-DE5"/>
        <version value="0.1.0"/>
        <name value="IMMZ_C_DE5"/>
        <title value="IMMZ-C-DE5 ValueSet for Sex"/>
        <status value="active"/>
        <experimental value="false"/>
        <expansion>
          <identifier value="urn:uuid:b6b06223-f2e2-4b2d-a7f2-cfc4e6e85a7a"/>
          <timestamp value="2023-10-10T18:22:03+00:00"/>
          <total value="4"/>
          <parameter>
            <name value="excludeNested"/>
            <valueBoolean value="false"/>
          </parameter>
          <parameter>
            <name value="warning-draft"/>
            <valueUri value="http://smart.who.int/ig/smart-immunizations-measles/CodeSystem/IMMZ-C|0.1.0"/>
          </parameter>
          <parameter>
            <name value="used-codesystem"/>
            <valueUri value="http://smart.who.int/ig/smart-immunizations-measles/CodeSystem/IMMZ-C|0.1.0"/>
          </parameter>
          <contains>
            <system value="http://smart.who.int/ig/smart-immunizations-measles/CodeSystem/IMMZ-C"/>
            <code value="DE6"/>
            <display value="Male"/>
          </contains>
          <contains>
            <system value="http://smart.who.int/ig/smart-immunizations-measles/CodeSystem/IMMZ-C"/>
            <code value="DE7"/>
            <display value="Female"/>
          </contains>
          <contains>
            <system value="http://smart.who.int/ig/smart-immunizations-measles/CodeSystem/IMMZ-C"/>
            <code value="DE8"/>
            <display value="Biological sex not specified"/>
          </contains>
          <contains>
            <system value="http://smart.who.int/ig/smart-immunizations-measles/CodeSystem/IMMZ-C"/>
            <code value="DE9"/>
            <display value="Intersex"/>
          </contains>
        </expansion>
      </ValueSet>
    </resource>
  </entry>
  <entry>
    <fullUrl value="http://smart.who.int/ig/smart-immunizations-measles/ValueSet/IMMZ-D1.DE10"/>
    <resource>
      <ValueSet>
        <text>
          <status value="generated"/>
          <div xmlns="http://www.w3.org/1999/xhtml">
            <p>This value set contains 3 concepts</p>
            <p style="border: black 1px dotted; background-color: #EEEEEE; padding: 8px; margin-bottom: 8px">Expansion based on 
              <a href="CodeSystem-IMMZ-D1.html">codesystem IMMZ-D1 CodeSystem for Data Elements v0.1.0 (CodeSystem)</a>
            </p>
            <table class="codes">
              <tr>
                <td style="white-space:nowrap">
                  <b>Code</b>
                </td>
                <td>
                  <b>System</b>
                </td>
                <td>
                  <b>Display</b>
                </td>
                <td>
                  <b>Definition</b>
                </td>
              </tr>
              <tr>
                <td style="white-space:nowrap">
                  <a name="http---smart.who.int-ig-smart-immunizations-measles-CodeSystem-IMMZ-D1-DE11"> </a>  
                  <a href="CodeSystem-IMMZ-D1.html#IMMZ-D1-DE11">DE11</a>
                </td>
                <td>http://smart.who.int/ig/smart-immunizations-measles/CodeSystem/IMMZ-D1</td>
                <td>HIV-positive</td>
                <td>
                  <div>
                    <p>The client is known to be HIV positive</p>

                  </div>
                </td>
              </tr>
              <tr>
                <td style="white-space:nowrap">
                  <a name="http---smart.who.int-ig-smart-immunizations-measles-CodeSystem-IMMZ-D1-DE12"> </a>  
                  <a href="CodeSystem-IMMZ-D1.html#IMMZ-D1-DE12">DE12</a>
                </td>
                <td>http://smart.who.int/ig/smart-immunizations-measles/CodeSystem/IMMZ-D1</td>
                <td>HIV-negative</td>
                <td>
                  <div>
                    <p>The client is known to be HIV negative</p>

                  </div>
                </td>
              </tr>
              <tr>
                <td style="white-space:nowrap">
                  <a name="http---smart.who.int-ig-smart-immunizations-measles-CodeSystem-IMMZ-D1-DE13"> </a>  
                  <a href="CodeSystem-IMMZ-D1.html#IMMZ-D1-DE13">DE13</a>
                </td>
                <td>http://smart.who.int/ig/smart-immunizations-measles/CodeSystem/IMMZ-D1</td>
                <td>Unknown</td>
                <td>
                  <div>
                    <p>The client's HIV status is unknown</p>

                  </div>
                </td>
              </tr>
            </table>
          </div>
        </text>
        <url value="http://smart.who.int/ig/smart-immunizations-measles/ValueSet/IMMZ-D1.DE10"/>
        <version value="0.1.0"/>
        <name value="IMMZ_D1_DE10"/>
        <title value="IMMZ-D1.DE10 ValueSet for HIV Status"/>
        <status value="active"/>
        <experimental value="false"/>
        <expansion>
          <identifier value="urn:uuid:cc933352-5faf-4124-9b1c-14b8f16663d8"/>
          <timestamp value="2023-10-10T18:22:04+00:00"/>
          <total value="3"/>
          <parameter>
            <name value="excludeNested"/>
            <valueBoolean value="false"/>
          </parameter>
          <parameter>
            <name value="warning-draft"/>
            <valueUri value="http://smart.who.int/ig/smart-immunizations-measles/CodeSystem/IMMZ-D1|0.1.0"/>
          </parameter>
          <parameter>
            <name value="used-codesystem"/>
            <valueUri value="http://smart.who.int/ig/smart-immunizations-measles/CodeSystem/IMMZ-D1|0.1.0"/>
          </parameter>
          <contains>
            <system value="http://smart.who.int/ig/smart-immunizations-measles/CodeSystem/IMMZ-D1"/>
            <code value="DE11"/>
            <display value="HIV-positive"/>
          </contains>
          <contains>
            <system value="http://smart.who.int/ig/smart-immunizations-measles/CodeSystem/IMMZ-D1"/>
            <code value="DE12"/>
            <display value="HIV-negative"/>
          </contains>
          <contains>
            <system value="http://smart.who.int/ig/smart-immunizations-measles/CodeSystem/IMMZ-D1"/>
            <code value="DE13"/>
            <display value="Unknown"/>
          </contains>
        </expansion>
      </ValueSet>
    </resource>
  </entry>
  <entry>
    <fullUrl value="http://smart.who.int/ig/smart-immunizations-measles/ValueSet/IMMZ-C-DE5"/>
    <resource>
      <ValueSet>
        <text>
          <status value="generated"/>
          <div xmlns="http://www.w3.org/1999/xhtml">
            <p>This value set contains 4 concepts</p>
            <p style="border: black 1px dotted; background-color: #EEEEEE; padding: 8px; margin-bottom: 8px">Expansion based on 
              <a href="CodeSystem-IMMZ-C.html">codesystem IMMZ-C CodeSystem for Data Elements v0.1.0 (CodeSystem)</a>
            </p>
            <table class="codes">
              <tr>
                <td style="white-space:nowrap">
                  <b>Code</b>
                </td>
                <td>
                  <b>System</b>
                </td>
                <td>
                  <b>Display</b>
                </td>
                <td>
                  <b>Definition</b>
                </td>
              </tr>
              <tr>
                <td style="white-space:nowrap">
                  <a name="http---smart.who.int-ig-smart-immunizations-measles-CodeSystem-IMMZ-C-DE6"> </a>  
                  <a href="CodeSystem-IMMZ-C.html#IMMZ-C-DE6">DE6</a>
                </td>
                <td>http://smart.who.int/ig/smart-immunizations-measles/CodeSystem/IMMZ-C</td>
                <td>Male</td>
                <td>
                  <div>
                    <p>Client's biological sex is male</p>

                  </div>
                </td>
              </tr>
              <tr>
                <td style="white-space:nowrap">
                  <a name="http---smart.who.int-ig-smart-immunizations-measles-CodeSystem-IMMZ-C-DE7"> </a>  
                  <a href="CodeSystem-IMMZ-C.html#IMMZ-C-DE7">DE7</a>
                </td>
                <td>http://smart.who.int/ig/smart-immunizations-measles/CodeSystem/IMMZ-C</td>
                <td>Female</td>
                <td>
                  <div>
                    <p>Client's biological sex is female</p>

                  </div>
                </td>
              </tr>
              <tr>
                <td style="white-space:nowrap">
                  <a name="http---smart.who.int-ig-smart-immunizations-measles-CodeSystem-IMMZ-C-DE8"> </a>  
                  <a href="CodeSystem-IMMZ-C.html#IMMZ-C-DE8">DE8</a>
                </td>
                <td>http://smart.who.int/ig/smart-immunizations-measles/CodeSystem/IMMZ-C</td>
                <td>Biological sex not specified</td>
                <td>
                  <div>
                    <p>Client's biological sex is not specified</p>

                  </div>
                </td>
              </tr>
              <tr>
                <td style="white-space:nowrap">
                  <a name="http---smart.who.int-ig-smart-immunizations-measles-CodeSystem-IMMZ-C-DE9"> </a>  
                  <a href="CodeSystem-IMMZ-C.html#IMMZ-C-DE9">DE9</a>
                </td>
                <td>http://smart.who.int/ig/smart-immunizations-measles/CodeSystem/IMMZ-C</td>
                <td>Intersex</td>
                <td>
                  <div>
                    <p>Client's biological sex is intersex</p>

                  </div>
                </td>
              </tr>
            </table>
          </div>
        </text>
        <url value="http://smart.who.int/ig/smart-immunizations-measles/ValueSet/IMMZ-C-DE5"/>
        <version value="0.1.0"/>
        <name value="IMMZ_C_DE5"/>
        <title value="IMMZ-C-DE5 ValueSet for Sex"/>
        <status value="active"/>
        <experimental value="false"/>
        <expansion>
          <identifier value="urn:uuid:b6b06223-f2e2-4b2d-a7f2-cfc4e6e85a7a"/>
          <timestamp value="2023-10-10T18:22:03+00:00"/>
          <total value="4"/>
          <parameter>
            <name value="excludeNested"/>
            <valueBoolean value="false"/>
          </parameter>
          <parameter>
            <name value="warning-draft"/>
            <valueUri value="http://smart.who.int/ig/smart-immunizations-measles/CodeSystem/IMMZ-C|0.1.0"/>
          </parameter>
          <parameter>
            <name value="used-codesystem"/>
            <valueUri value="http://smart.who.int/ig/smart-immunizations-measles/CodeSystem/IMMZ-C|0.1.0"/>
          </parameter>
          <contains>
            <system value="http://smart.who.int/ig/smart-immunizations-measles/CodeSystem/IMMZ-C"/>
            <code value="DE6"/>
            <display value="Male"/>
          </contains>
          <contains>
            <system value="http://smart.who.int/ig/smart-immunizations-measles/CodeSystem/IMMZ-C"/>
            <code value="DE7"/>
            <display value="Female"/>
          </contains>
          <contains>
            <system value="http://smart.who.int/ig/smart-immunizations-measles/CodeSystem/IMMZ-C"/>
            <code value="DE8"/>
            <display value="Biological sex not specified"/>
          </contains>
          <contains>
            <system value="http://smart.who.int/ig/smart-immunizations-measles/CodeSystem/IMMZ-C"/>
            <code value="DE9"/>
            <display value="Intersex"/>
          </contains>
        </expansion>
      </ValueSet>
    </resource>
  </entry>
  <entry>
    <fullUrl value="http://smart.who.int/ig/smart-immunizations-measles/ValueSet/IMMZ-D1.DE10"/>
    <resource>
      <ValueSet>
        <text>
          <status value="generated"/>
          <div xmlns="http://www.w3.org/1999/xhtml">
            <p>This value set contains 3 concepts</p>
            <p style="border: black 1px dotted; background-color: #EEEEEE; padding: 8px; margin-bottom: 8px">Expansion based on 
              <a href="CodeSystem-IMMZ-D1.html">codesystem IMMZ-D1 CodeSystem for Data Elements v0.1.0 (CodeSystem)</a>
            </p>
            <table class="codes">
              <tr>
                <td style="white-space:nowrap">
                  <b>Code</b>
                </td>
                <td>
                  <b>System</b>
                </td>
                <td>
                  <b>Display</b>
                </td>
                <td>
                  <b>Definition</b>
                </td>
              </tr>
              <tr>
                <td style="white-space:nowrap">
                  <a name="http---smart.who.int-ig-smart-immunizations-measles-CodeSystem-IMMZ-D1-DE11"> </a>  
                  <a href="CodeSystem-IMMZ-D1.html#IMMZ-D1-DE11">DE11</a>
                </td>
                <td>http://smart.who.int/ig/smart-immunizations-measles/CodeSystem/IMMZ-D1</td>
                <td>HIV-positive</td>
                <td>
                  <div>
                    <p>The client is known to be HIV positive</p>

                  </div>
                </td>
              </tr>
              <tr>
                <td style="white-space:nowrap">
                  <a name="http---smart.who.int-ig-smart-immunizations-measles-CodeSystem-IMMZ-D1-DE12"> </a>  
                  <a href="CodeSystem-IMMZ-D1.html#IMMZ-D1-DE12">DE12</a>
                </td>
                <td>http://smart.who.int/ig/smart-immunizations-measles/CodeSystem/IMMZ-D1</td>
                <td>HIV-negative</td>
                <td>
                  <div>
                    <p>The client is known to be HIV negative</p>

                  </div>
                </td>
              </tr>
              <tr>
                <td style="white-space:nowrap">
                  <a name="http---smart.who.int-ig-smart-immunizations-measles-CodeSystem-IMMZ-D1-DE13"> </a>  
                  <a href="CodeSystem-IMMZ-D1.html#IMMZ-D1-DE13">DE13</a>
                </td>
                <td>http://smart.who.int/ig/smart-immunizations-measles/CodeSystem/IMMZ-D1</td>
                <td>Unknown</td>
                <td>
                  <div>
                    <p>The client's HIV status is unknown</p>

                  </div>
                </td>
              </tr>
            </table>
          </div>
        </text>
        <url value="http://smart.who.int/ig/smart-immunizations-measles/ValueSet/IMMZ-D1.DE10"/>
        <version value="0.1.0"/>
        <name value="IMMZ_D1_DE10"/>
        <title value="IMMZ-D1.DE10 ValueSet for HIV Status"/>
        <status value="active"/>
        <experimental value="false"/>
        <expansion>
          <identifier value="urn:uuid:cc933352-5faf-4124-9b1c-14b8f16663d8"/>
          <timestamp value="2023-10-10T18:22:04+00:00"/>
          <total value="3"/>
          <parameter>
            <name value="excludeNested"/>
            <valueBoolean value="false"/>
          </parameter>
          <parameter>
            <name value="warning-draft"/>
            <valueUri value="http://smart.who.int/ig/smart-immunizations-measles/CodeSystem/IMMZ-D1|0.1.0"/>
          </parameter>
          <parameter>
            <name value="used-codesystem"/>
            <valueUri value="http://smart.who.int/ig/smart-immunizations-measles/CodeSystem/IMMZ-D1|0.1.0"/>
          </parameter>
          <contains>
            <system value="http://smart.who.int/ig/smart-immunizations-measles/CodeSystem/IMMZ-D1"/>
            <code value="DE11"/>
            <display value="HIV-positive"/>
          </contains>
          <contains>
            <system value="http://smart.who.int/ig/smart-immunizations-measles/CodeSystem/IMMZ-D1"/>
            <code value="DE12"/>
            <display value="HIV-negative"/>
          </contains>
          <contains>
            <system value="http://smart.who.int/ig/smart-immunizations-measles/CodeSystem/IMMZ-D1"/>
            <code value="DE13"/>
            <display value="Unknown"/>
          </contains>
        </expansion>
      </ValueSet>
    </resource>
  </entry>
  <entry>
    <fullUrl value="http://smart.who.int/ig/smart-immunizations-measles/ValueSet/IMMZ-D1.DE35"/>
    <resource>
      <ValueSet>
        <text>
          <status value="generated"/>
          <div xmlns="http://www.w3.org/1999/xhtml">
            <p>This value set contains 2 concepts</p>
            <p style="border: black 1px dotted; background-color: #EEEEEE; padding: 8px; margin-bottom: 8px">Expansion based on 
              <a href="CodeSystem-IMMZ-D1.html">codesystem IMMZ-D1 CodeSystem for Data Elements v0.1.0 (CodeSystem)</a>
            </p>
            <table class="codes">
              <tr>
                <td style="white-space:nowrap">
                  <b>Code</b>
                </td>
                <td>
                  <b>System</b>
                </td>
                <td>
                  <b>Display</b>
                </td>
                <td>
                  <b>Definition</b>
                </td>
              </tr>
              <tr>
                <td style="white-space:nowrap">
                  <a name="http---smart.who.int-ig-smart-immunizations-measles-CodeSystem-IMMZ-D1-DE36"> </a>  
                  <a href="CodeSystem-IMMZ-D1.html#IMMZ-D1-DE36">DE36</a>
                </td>
                <td>http://smart.who.int/ig/smart-immunizations-measles/CodeSystem/IMMZ-D1</td>
                <td>IPV</td>
                <td>
                  <div>
                    <p>Inactivated poliovirus vaccine (IPV)</p>

                  </div>
                </td>
              </tr>
              <tr>
                <td style="white-space:nowrap">
                  <a name="http---smart.who.int-ig-smart-immunizations-measles-CodeSystem-IMMZ-D1-DE37"> </a>  
                  <a href="CodeSystem-IMMZ-D1.html#IMMZ-D1-DE37">DE37</a>
                </td>
                <td>http://smart.who.int/ig/smart-immunizations-measles/CodeSystem/IMMZ-D1</td>
                <td>bOPV</td>
                <td>
                  <div>
                    <p>Bivalent oral poliovirus vaccine (bOPV)</p>

                  </div>
                </td>
              </tr>
            </table>
          </div>
        </text>
        <url value="http://smart.who.int/ig/smart-immunizations-measles/ValueSet/IMMZ-D1.DE35"/>
        <version value="0.1.0"/>
        <name value="IMMZ_D1_DE35"/>
        <title value="IMMZ-D1.DE35 ValueSet for Type of polio dose"/>
        <status value="active"/>
        <experimental value="false"/>
        <date value="2023-10-10T18:20:31+00:00"/>
        <expansion>
          <identifier value="urn:uuid:4625f027-986d-4c56-b137-b222df447da5"/>
          <timestamp value="2023-10-10T18:22:07+00:00"/>
          <total value="2"/>
          <parameter>
            <name value="excludeNested"/>
            <valueBoolean value="false"/>
          </parameter>
          <parameter>
            <name value="warning-draft"/>
            <valueUri value="http://smart.who.int/ig/smart-immunizations-measles/CodeSystem/IMMZ-D1|0.1.0"/>
          </parameter>
          <parameter>
            <name value="used-codesystem"/>
            <valueUri value="http://smart.who.int/ig/smart-immunizations-measles/CodeSystem/IMMZ-D1|0.1.0"/>
          </parameter>
          <contains>
            <system value="http://smart.who.int/ig/smart-immunizations-measles/CodeSystem/IMMZ-D1"/>
            <code value="DE36"/>
            <display value="IPV"/>
          </contains>
          <contains>
            <system value="http://smart.who.int/ig/smart-immunizations-measles/CodeSystem/IMMZ-D1"/>
            <code value="DE37"/>
            <display value="bOPV"/>
          </contains>
        </expansion>
      </ValueSet>
    </resource>
  </entry>
  <entry>
    <fullUrl value="http://smart.who.int/ig/smart-immunizations-measles/ValueSet/IMMZ-D1.DE52"/>
    <resource>
      <ValueSet>
        <text>
          <status value="generated"/>
          <div xmlns="http://www.w3.org/1999/xhtml">
            <p>This value set contains 3 concepts</p>
            <p style="border: black 1px dotted; background-color: #EEEEEE; padding: 8px; margin-bottom: 8px">Expansion based on 
              <a href="CodeSystem-IMMZ-D1.html">codesystem IMMZ-D1 CodeSystem for Data Elements v0.1.0 (CodeSystem)</a>
            </p>
            <table class="codes">
              <tr>
                <td style="white-space:nowrap">
                  <b>Code</b>
                </td>
                <td>
                  <b>System</b>
                </td>
                <td>
                  <b>Display</b>
                </td>
                <td>
                  <b>Definition</b>
                </td>
              </tr>
              <tr>
                <td style="white-space:nowrap">
                  <a name="http---smart.who.int-ig-smart-immunizations-measles-CodeSystem-IMMZ-D1-DE53"> </a>  
                  <a href="CodeSystem-IMMZ-D1.html#IMMZ-D1-DE53">DE53</a>
                </td>
                <td>http://smart.who.int/ig/smart-immunizations-measles/CodeSystem/IMMZ-D1</td>
                <td>Inactivated Vero cell-derived vaccine</td>
                <td>
                  <div>
                    <p>Inactivated Vero cell-derived Japanese encephalitis (JE) vaccine type</p>

                  </div>
                </td>
              </tr>
              <tr>
                <td style="white-space:nowrap">
                  <a name="http---smart.who.int-ig-smart-immunizations-measles-CodeSystem-IMMZ-D1-DE54"> </a>  
                  <a href="CodeSystem-IMMZ-D1.html#IMMZ-D1-DE54">DE54</a>
                </td>
                <td>http://smart.who.int/ig/smart-immunizations-measles/CodeSystem/IMMZ-D1</td>
                <td>Live attenuated vaccine</td>
                <td>
                  <div>
                    <p>Live attenuated Japanese encephalitis (JE) vaccine type</p>

                  </div>
                </td>
              </tr>
              <tr>
                <td style="white-space:nowrap">
                  <a name="http---smart.who.int-ig-smart-immunizations-measles-CodeSystem-IMMZ-D1-DE55"> </a>  
                  <a href="CodeSystem-IMMZ-D1.html#IMMZ-D1-DE55">DE55</a>
                </td>
                <td>http://smart.who.int/ig/smart-immunizations-measles/CodeSystem/IMMZ-D1</td>
                <td>Live recombinant vaccine</td>
                <td>
                  <div>
                    <p>Live recombinant Japanese encephalitis (JE) vaccine type</p>

                  </div>
                </td>
              </tr>
            </table>
          </div>
        </text>
        <url value="http://smart.who.int/ig/smart-immunizations-measles/ValueSet/IMMZ-D1.DE52"/>
        <version value="0.1.0"/>
        <name value="IMMZ_D1_DE52"/>
        <title value="IMMZ-D1.DE52 ValueSet for Type of last JE dose"/>
        <status value="active"/>
        <experimental value="false"/>
        <date value="2023-10-10T18:20:31+00:00"/>
        <expansion>
          <identifier value="urn:uuid:1992812c-1628-4f09-bd54-db8e726985c9"/>
          <timestamp value="2023-10-10T18:22:07+00:00"/>
          <total value="3"/>
          <parameter>
            <name value="excludeNested"/>
            <valueBoolean value="false"/>
          </parameter>
          <parameter>
            <name value="warning-draft"/>
            <valueUri value="http://smart.who.int/ig/smart-immunizations-measles/CodeSystem/IMMZ-D1|0.1.0"/>
          </parameter>
          <parameter>
            <name value="used-codesystem"/>
            <valueUri value="http://smart.who.int/ig/smart-immunizations-measles/CodeSystem/IMMZ-D1|0.1.0"/>
          </parameter>
          <contains>
            <system value="http://smart.who.int/ig/smart-immunizations-measles/CodeSystem/IMMZ-D1"/>
            <code value="DE53"/>
            <display value="Inactivated Vero cell-derived vaccine"/>
          </contains>
          <contains>
            <system value="http://smart.who.int/ig/smart-immunizations-measles/CodeSystem/IMMZ-D1"/>
            <code value="DE54"/>
            <display value="Live attenuated vaccine"/>
          </contains>
          <contains>
            <system value="http://smart.who.int/ig/smart-immunizations-measles/CodeSystem/IMMZ-D1"/>
            <code value="DE55"/>
            <display value="Live recombinant vaccine"/>
          </contains>
        </expansion>
      </ValueSet>
    </resource>
  </entry>
  <entry>
    <fullUrl value="http://smart.who.int/ig/smart-immunizations-measles/ValueSet/IMMZ-D1.DE56"/>
    <resource>
      <ValueSet>
        <text>
          <status value="generated"/>
          <div xmlns="http://www.w3.org/1999/xhtml">
            <p>This value set contains 4 concepts</p>
            <p style="border: black 1px dotted; background-color: #EEEEEE; padding: 8px; margin-bottom: 8px">Expansion based on 
              <a href="CodeSystem-IMMZ-D1.html">codesystem IMMZ-D1 CodeSystem for Data Elements v0.1.0 (CodeSystem)</a>
            </p>
            <table class="codes">
              <tr>
                <td style="white-space:nowrap">
                  <b>Code</b>
                </td>
                <td>
                  <b>System</b>
                </td>
                <td>
                  <b>Display</b>
                </td>
                <td>
                  <b>Definition</b>
                </td>
              </tr>
              <tr>
                <td style="white-space:nowrap">
                  <a name="http---smart.who.int-ig-smart-immunizations-measles-CodeSystem-IMMZ-D1-DE57"> </a>  
                  <a href="CodeSystem-IMMZ-D1.html#IMMZ-D1-DE57">DE57</a>
                </td>
                <td>http://smart.who.int/ig/smart-immunizations-measles/CodeSystem/IMMZ-D1</td>
                <td>FSME-Immun</td>
                <td>
                  <div>
                    <p>FSME-Immun vaccine product, which is an inactivated whole-virus vaccine for tick-borne encephalitis (TBE)</p>

                  </div>
                </td>
              </tr>
              <tr>
                <td style="white-space:nowrap">
                  <a name="http---smart.who.int-ig-smart-immunizations-measles-CodeSystem-IMMZ-D1-DE58"> </a>  
                  <a href="CodeSystem-IMMZ-D1.html#IMMZ-D1-DE58">DE58</a>
                </td>
                <td>http://smart.who.int/ig/smart-immunizations-measles/CodeSystem/IMMZ-D1</td>
                <td>Encepur</td>
                <td>
                  <div>
                    <p>Encepur vaccine product, which is an inactivated viral vaccine for tick-borne encephalitis (TBE)</p>

                  </div>
                </td>
              </tr>
              <tr>
                <td style="white-space:nowrap">
                  <a name="http---smart.who.int-ig-smart-immunizations-measles-CodeSystem-IMMZ-D1-DE59"> </a>  
                  <a href="CodeSystem-IMMZ-D1.html#IMMZ-D1-DE59">DE59</a>
                </td>
                <td>http://smart.who.int/ig/smart-immunizations-measles/CodeSystem/IMMZ-D1</td>
                <td>TBE-Moscow</td>
                <td>
                  <div>
                    <p>TBE-Moscow vaccine product, which is a vaccine for tick-borne encephalitis (TBE)</p>

                  </div>
                </td>
              </tr>
              <tr>
                <td style="white-space:nowrap">
                  <a name="http---smart.who.int-ig-smart-immunizations-measles-CodeSystem-IMMZ-D1-DE60"> </a>  
                  <a href="CodeSystem-IMMZ-D1.html#IMMZ-D1-DE60">DE60</a>
                </td>
                <td>http://smart.who.int/ig/smart-immunizations-measles/CodeSystem/IMMZ-D1</td>
                <td>EnceVir</td>
                <td>
                  <div>
                    <p>EnceVir vaccine product, which is a vaccine for tick-borne encephalitis (TBE)</p>

                  </div>
                </td>
              </tr>
            </table>
          </div>
        </text>
        <url value="http://smart.who.int/ig/smart-immunizations-measles/ValueSet/IMMZ-D1.DE56"/>
        <version value="0.1.0"/>
        <name value="IMMZ_D1_DE56"/>
        <title value="IMMZ-D1.DE56 ValueSet for Type of last TBE dose"/>
        <status value="active"/>
        <experimental value="false"/>
        <date value="2023-10-10T18:20:31+00:00"/>
        <expansion>
          <identifier value="urn:uuid:ef099ea4-6d8a-4c98-a1a0-1539ffe5fb07"/>
          <timestamp value="2023-10-10T18:22:08+00:00"/>
          <total value="4"/>
          <parameter>
            <name value="excludeNested"/>
            <valueBoolean value="false"/>
          </parameter>
          <parameter>
            <name value="warning-draft"/>
            <valueUri value="http://smart.who.int/ig/smart-immunizations-measles/CodeSystem/IMMZ-D1|0.1.0"/>
          </parameter>
          <parameter>
            <name value="used-codesystem"/>
            <valueUri value="http://smart.who.int/ig/smart-immunizations-measles/CodeSystem/IMMZ-D1|0.1.0"/>
          </parameter>
          <contains>
            <system value="http://smart.who.int/ig/smart-immunizations-measles/CodeSystem/IMMZ-D1"/>
            <code value="DE57"/>
            <display value="FSME-Immun"/>
          </contains>
          <contains>
            <system value="http://smart.who.int/ig/smart-immunizations-measles/CodeSystem/IMMZ-D1"/>
            <code value="DE58"/>
            <display value="Encepur"/>
          </contains>
          <contains>
            <system value="http://smart.who.int/ig/smart-immunizations-measles/CodeSystem/IMMZ-D1"/>
            <code value="DE59"/>
            <display value="TBE-Moscow"/>
          </contains>
          <contains>
            <system value="http://smart.who.int/ig/smart-immunizations-measles/CodeSystem/IMMZ-D1"/>
            <code value="DE60"/>
            <display value="EnceVir"/>
          </contains>
        </expansion>
      </ValueSet>
    </resource>
  </entry>
  <entry>
    <fullUrl value="http://smart.who.int/ig/smart-immunizations-measles/ValueSet/IMMZ-D1.DE61"/>
    <resource>
      <ValueSet>
        <text>
          <status value="generated"/>
          <div xmlns="http://www.w3.org/1999/xhtml">
            <p>This value set contains 3 concepts</p>
            <p style="border: black 1px dotted; background-color: #EEEEEE; padding: 8px; margin-bottom: 8px">Expansion based on 
              <a href="CodeSystem-IMMZ-D1.html">codesystem IMMZ-D1 CodeSystem for Data Elements v0.1.0 (CodeSystem)</a>
            </p>
            <table class="codes">
              <tr>
                <td style="white-space:nowrap">
                  <b>Code</b>
                </td>
                <td>
                  <b>System</b>
                </td>
                <td>
                  <b>Display</b>
                </td>
                <td>
                  <b>Definition</b>
                </td>
              </tr>
              <tr>
                <td style="white-space:nowrap">
                  <a name="http---smart.who.int-ig-smart-immunizations-measles-CodeSystem-IMMZ-D1-DE62"> </a>  
                  <a href="CodeSystem-IMMZ-D1.html#IMMZ-D1-DE62">DE62</a>
                </td>
                <td>http://smart.who.int/ig/smart-immunizations-measles/CodeSystem/IMMZ-D1</td>
                <td>Typbar-TCV</td>
                <td>
                  <div>
                    <p>Typbar-TCV vaccine</p>

                  </div>
                </td>
              </tr>
              <tr>
                <td style="white-space:nowrap">
                  <a name="http---smart.who.int-ig-smart-immunizations-measles-CodeSystem-IMMZ-D1-DE63"> </a>  
                  <a href="CodeSystem-IMMZ-D1.html#IMMZ-D1-DE63">DE63</a>
                </td>
                <td>http://smart.who.int/ig/smart-immunizations-measles/CodeSystem/IMMZ-D1</td>
                <td>ViPS</td>
                <td>
                  <div>
                    <p>Vi polysaccharide (ViPS) vaccine</p>

                  </div>
                </td>
              </tr>
              <tr>
                <td style="white-space:nowrap">
                  <a name="http---smart.who.int-ig-smart-immunizations-measles-CodeSystem-IMMZ-D1-DE64"> </a>  
                  <a href="CodeSystem-IMMZ-D1.html#IMMZ-D1-DE64">DE64</a>
                </td>
                <td>http://smart.who.int/ig/smart-immunizations-measles/CodeSystem/IMMZ-D1</td>
                <td>Ty21a</td>
                <td>
                  <div>
                    <p>Ty21a vaccine</p>

                  </div>
                </td>
              </tr>
            </table>
          </div>
        </text>
        <url value="http://smart.who.int/ig/smart-immunizations-measles/ValueSet/IMMZ-D1.DE61"/>
        <version value="0.1.0"/>
        <name value="IMMZ_D1_DE61"/>
        <title value="IMMZ-D1.DE61 ValueSet for Type of last typhoid dose"/>
        <status value="active"/>
        <experimental value="false"/>
        <date value="2023-10-10T18:20:31+00:00"/>
        <expansion>
          <identifier value="urn:uuid:456e0a55-b6a4-4972-9f6d-b27d38358d1d"/>
          <timestamp value="2023-10-10T18:22:08+00:00"/>
          <total value="3"/>
          <parameter>
            <name value="excludeNested"/>
            <valueBoolean value="false"/>
          </parameter>
          <parameter>
            <name value="warning-draft"/>
            <valueUri value="http://smart.who.int/ig/smart-immunizations-measles/CodeSystem/IMMZ-D1|0.1.0"/>
          </parameter>
          <parameter>
            <name value="used-codesystem"/>
            <valueUri value="http://smart.who.int/ig/smart-immunizations-measles/CodeSystem/IMMZ-D1|0.1.0"/>
          </parameter>
          <contains>
            <system value="http://smart.who.int/ig/smart-immunizations-measles/CodeSystem/IMMZ-D1"/>
            <code value="DE62"/>
            <display value="Typbar-TCV"/>
          </contains>
          <contains>
            <system value="http://smart.who.int/ig/smart-immunizations-measles/CodeSystem/IMMZ-D1"/>
            <code value="DE63"/>
            <display value="ViPS"/>
          </contains>
          <contains>
            <system value="http://smart.who.int/ig/smart-immunizations-measles/CodeSystem/IMMZ-D1"/>
            <code value="DE64"/>
            <display value="Ty21a"/>
          </contains>
        </expansion>
      </ValueSet>
    </resource>
  </entry>
  <entry>
    <fullUrl value="http://smart.who.int/ig/smart-immunizations-measles/ValueSet/IMMZ-D1.DE65"/>
    <resource>
      <ValueSet>
        <text>
          <status value="generated"/>
          <div xmlns="http://www.w3.org/1999/xhtml">
            <p>This value set contains 2 concepts</p>
            <p style="border: black 1px dotted; background-color: #EEEEEE; padding: 8px; margin-bottom: 8px">Expansion based on 
              <a href="CodeSystem-IMMZ-D1.html">codesystem IMMZ-D1 CodeSystem for Data Elements v0.1.0 (CodeSystem)</a>
            </p>
            <table class="codes">
              <tr>
                <td style="white-space:nowrap">
                  <b>Code</b>
                </td>
                <td>
                  <b>System</b>
                </td>
                <td>
                  <b>Display</b>
                </td>
                <td>
                  <b>Definition</b>
                </td>
              </tr>
              <tr>
                <td style="white-space:nowrap">
                  <a name="http---smart.who.int-ig-smart-immunizations-measles-CodeSystem-IMMZ-D1-DE66"> </a>  
                  <a href="CodeSystem-IMMZ-D1.html#IMMZ-D1-DE66">DE66</a>
                </td>
                <td>http://smart.who.int/ig/smart-immunizations-measles/CodeSystem/IMMZ-D1</td>
                <td>WC vaccine</td>
                <td>
                  <div>
                    <p>Killed whole cell (WC) only cholera vaccine</p>

                  </div>
                </td>
              </tr>
              <tr>
                <td style="white-space:nowrap">
                  <a name="http---smart.who.int-ig-smart-immunizations-measles-CodeSystem-IMMZ-D1-DE67"> </a>  
                  <a href="CodeSystem-IMMZ-D1.html#IMMZ-D1-DE67">DE67</a>
                </td>
                <td>http://smart.who.int/ig/smart-immunizations-measles/CodeSystem/IMMZ-D1</td>
                <td>WC-rBS vaccine</td>
                <td>
                  <div>
                    <p>Vaccine contains a mixture of the recombinant B subunit (rBS) of cholera toxin plus killed whole cell (WC)</p>

                  </div>
                </td>
              </tr>
            </table>
          </div>
        </text>
        <url value="http://smart.who.int/ig/smart-immunizations-measles/ValueSet/IMMZ-D1.DE65"/>
        <version value="0.1.0"/>
        <name value="IMMZ_D1_DE65"/>
        <title value="IMMZ-D1.DE65 ValueSet for Type of last cholera dose"/>
        <status value="active"/>
        <experimental value="false"/>
        <date value="2023-10-10T18:20:31+00:00"/>
        <expansion>
          <identifier value="urn:uuid:b273153b-c088-40d0-a0c8-00c0ba0eba4c"/>
          <timestamp value="2023-10-10T18:22:08+00:00"/>
          <total value="2"/>
          <parameter>
            <name value="excludeNested"/>
            <valueBoolean value="false"/>
          </parameter>
          <parameter>
            <name value="warning-draft"/>
            <valueUri value="http://smart.who.int/ig/smart-immunizations-measles/CodeSystem/IMMZ-D1|0.1.0"/>
          </parameter>
          <parameter>
            <name value="used-codesystem"/>
            <valueUri value="http://smart.who.int/ig/smart-immunizations-measles/CodeSystem/IMMZ-D1|0.1.0"/>
          </parameter>
          <contains>
            <system value="http://smart.who.int/ig/smart-immunizations-measles/CodeSystem/IMMZ-D1"/>
            <code value="DE66"/>
            <display value="WC vaccine"/>
          </contains>
          <contains>
            <system value="http://smart.who.int/ig/smart-immunizations-measles/CodeSystem/IMMZ-D1"/>
            <code value="DE67"/>
            <display value="WC-rBS vaccine"/>
          </contains>
        </expansion>
      </ValueSet>
    </resource>
  </entry>
  <entry>
    <fullUrl value="http://smart.who.int/ig/smart-immunizations-measles/ValueSet/IMMZ-D1.DE68"/>
    <resource>
      <ValueSet>
        <text>
          <status value="generated"/>
          <div xmlns="http://www.w3.org/1999/xhtml">
            <p>This value set contains 3 concepts</p>
            <p style="border: black 1px dotted; background-color: #EEEEEE; padding: 8px; margin-bottom: 8px">Expansion based on 
              <a href="CodeSystem-IMMZ-D1.html">codesystem IMMZ-D1 CodeSystem for Data Elements v0.1.0 (CodeSystem)</a>
            </p>
            <table class="codes">
              <tr>
                <td style="white-space:nowrap">
                  <b>Code</b>
                </td>
                <td>
                  <b>System</b>
                </td>
                <td>
                  <b>Display</b>
                </td>
                <td>
                  <b>Definition</b>
                </td>
              </tr>
              <tr>
                <td style="white-space:nowrap">
                  <a name="http---smart.who.int-ig-smart-immunizations-measles-CodeSystem-IMMZ-D1-DE69"> </a>  
                  <a href="CodeSystem-IMMZ-D1.html#IMMZ-D1-DE69">DE69</a>
                </td>
                <td>http://smart.who.int/ig/smart-immunizations-measles/CodeSystem/IMMZ-D1</td>
                <td>MenA conjugate vaccine (5µg)</td>
                <td>
                  <div>
                    <p>Monovalent serogroup A (MenA) conjugate vaccine (5µg) vaccine</p>

                  </div>
                </td>
              </tr>
              <tr>
                <td style="white-space:nowrap">
                  <a name="http---smart.who.int-ig-smart-immunizations-measles-CodeSystem-IMMZ-D1-DE70"> </a>  
                  <a href="CodeSystem-IMMZ-D1.html#IMMZ-D1-DE70">DE70</a>
                </td>
                <td>http://smart.who.int/ig/smart-immunizations-measles/CodeSystem/IMMZ-D1</td>
                <td>Monovalent MenC conjugate</td>
                <td>
                  <div>
                    <p>Monovalent MenC conjugate vaccine</p>

                  </div>
                </td>
              </tr>
              <tr>
                <td style="white-space:nowrap">
                  <a name="http---smart.who.int-ig-smart-immunizations-measles-CodeSystem-IMMZ-D1-DE71"> </a>  
                  <a href="CodeSystem-IMMZ-D1.html#IMMZ-D1-DE71">DE71</a>
                </td>
                <td>http://smart.who.int/ig/smart-immunizations-measles/CodeSystem/IMMZ-D1</td>
                <td>Quadrivalent conjugate</td>
                <td>
                  <div>
                    <p>Quadrivalent conjugate (A,C,W135,Y-D and A,C,W135,Y-CRM) vaccines</p>

                  </div>
                </td>
              </tr>
            </table>
          </div>
        </text>
        <url value="http://smart.who.int/ig/smart-immunizations-measles/ValueSet/IMMZ-D1.DE68"/>
        <version value="0.1.0"/>
        <name value="IMMZ_D1_DE68"/>
        <title value="IMMZ-D1.DE68 ValueSet for Type of last meningococcal dose"/>
        <status value="active"/>
        <experimental value="false"/>
        <date value="2023-10-10T18:20:31+00:00"/>
        <expansion>
          <identifier value="urn:uuid:86cfbf3b-6f2f-4318-9c7a-4a3a5d44faf1"/>
          <timestamp value="2023-10-10T18:22:09+00:00"/>
          <total value="3"/>
          <parameter>
            <name value="excludeNested"/>
            <valueBoolean value="false"/>
          </parameter>
          <parameter>
            <name value="warning-draft"/>
            <valueUri value="http://smart.who.int/ig/smart-immunizations-measles/CodeSystem/IMMZ-D1|0.1.0"/>
          </parameter>
          <parameter>
            <name value="used-codesystem"/>
            <valueUri value="http://smart.who.int/ig/smart-immunizations-measles/CodeSystem/IMMZ-D1|0.1.0"/>
          </parameter>
          <contains>
            <system value="http://smart.who.int/ig/smart-immunizations-measles/CodeSystem/IMMZ-D1"/>
            <code value="DE69"/>
            <display value="MenA conjugate vaccine (5µg)"/>
          </contains>
          <contains>
            <system value="http://smart.who.int/ig/smart-immunizations-measles/CodeSystem/IMMZ-D1"/>
            <code value="DE70"/>
            <display value="Monovalent MenC conjugate"/>
          </contains>
          <contains>
            <system value="http://smart.who.int/ig/smart-immunizations-measles/CodeSystem/IMMZ-D1"/>
            <code value="DE71"/>
            <display value="Quadrivalent conjugate"/>
          </contains>
        </expansion>
      </ValueSet>
    </resource>
  </entry>
  <entry>
    <fullUrl value="http://smart.who.int/ig/smart-immunizations-measles/ValueSet/IMMZ-D1.DE73"/>
    <resource>
      <ValueSet>
        <text>
          <status value="generated"/>
          <div xmlns="http://www.w3.org/1999/xhtml">
            <p>This value set contains 2 concepts</p>
            <p style="border: black 1px dotted; background-color: #EEEEEE; padding: 8px; margin-bottom: 8px">Expansion based on 
              <a href="CodeSystem-IMMZ-D1.html">codesystem IMMZ-D1 CodeSystem for Data Elements v0.1.0 (CodeSystem)</a>
            </p>
            <table class="codes">
              <tr>
                <td style="white-space:nowrap">
                  <b>Code</b>
                </td>
                <td>
                  <b>System</b>
                </td>
                <td>
                  <b>Display</b>
                </td>
                <td>
                  <b>Definition</b>
                </td>
              </tr>
              <tr>
                <td style="white-space:nowrap">
                  <a name="http---smart.who.int-ig-smart-immunizations-measles-CodeSystem-IMMZ-D1-DE74"> </a>  
                  <a href="CodeSystem-IMMZ-D1.html#IMMZ-D1-DE74">DE74</a>
                </td>
                <td>http://smart.who.int/ig/smart-immunizations-measles/CodeSystem/IMMZ-D1</td>
                <td>Live attenuated hepatitis A vaccine</td>
                <td>
                  <div>
                    <p>Live attenuated hepatitis A vaccine</p>

                  </div>
                </td>
              </tr>
              <tr>
                <td style="white-space:nowrap">
                  <a name="http---smart.who.int-ig-smart-immunizations-measles-CodeSystem-IMMZ-D1-DE75"> </a>  
                  <a href="CodeSystem-IMMZ-D1.html#IMMZ-D1-DE75">DE75</a>
                </td>
                <td>http://smart.who.int/ig/smart-immunizations-measles/CodeSystem/IMMZ-D1</td>
                <td>Inactivated hepatitis A vaccine</td>
                <td>
                  <div>
                    <p>Inactivated hepatitis A vaccine</p>

                  </div>
                </td>
              </tr>
            </table>
          </div>
        </text>
        <url value="http://smart.who.int/ig/smart-immunizations-measles/ValueSet/IMMZ-D1.DE73"/>
        <version value="0.1.0"/>
        <name value="IMMZ_D1_DE73"/>
        <title value="IMMZ-D1.DE73 ValueSet for Type of last hepatitis A dose"/>
        <status value="active"/>
        <experimental value="false"/>
        <date value="2023-10-10T18:20:31+00:00"/>
        <expansion>
          <identifier value="urn:uuid:ba52ac3d-5607-44a9-8241-47f3d1e55810"/>
          <timestamp value="2023-10-10T18:22:09+00:00"/>
          <total value="2"/>
          <parameter>
            <name value="excludeNested"/>
            <valueBoolean value="false"/>
          </parameter>
          <parameter>
            <name value="warning-draft"/>
            <valueUri value="http://smart.who.int/ig/smart-immunizations-measles/CodeSystem/IMMZ-D1|0.1.0"/>
          </parameter>
          <parameter>
            <name value="used-codesystem"/>
            <valueUri value="http://smart.who.int/ig/smart-immunizations-measles/CodeSystem/IMMZ-D1|0.1.0"/>
          </parameter>
          <contains>
            <system value="http://smart.who.int/ig/smart-immunizations-measles/CodeSystem/IMMZ-D1"/>
            <code value="DE74"/>
            <display value="Live attenuated hepatitis A vaccine"/>
          </contains>
          <contains>
            <system value="http://smart.who.int/ig/smart-immunizations-measles/CodeSystem/IMMZ-D1"/>
            <code value="DE75"/>
            <display value="Inactivated hepatitis A vaccine"/>
          </contains>
        </expansion>
      </ValueSet>
    </resource>
  </entry>
  <entry>
    <fullUrl value="http://smart.who.int/ig/smart-immunizations-measles/ValueSet/IMMZ-D1.DE84"/>
    <resource>
      <ValueSet>
        <text>
          <status value="generated"/>
          <div xmlns="http://www.w3.org/1999/xhtml">
            <p>This value set contains 2 concepts</p>
            <p style="border: black 1px dotted; background-color: #EEEEEE; padding: 8px; margin-bottom: 8px">Expansion based on 
              <a href="CodeSystem-IMMZ-D1.html">codesystem IMMZ-D1 CodeSystem for Data Elements v0.1.0 (CodeSystem)</a>
            </p>
            <table class="codes">
              <tr>
                <td style="white-space:nowrap">
                  <b>Code</b>
                </td>
                <td>
                  <b>System</b>
                </td>
                <td>
                  <b>Display</b>
                </td>
                <td>
                  <b>Definition</b>
                </td>
              </tr>
              <tr>
                <td style="white-space:nowrap">
                  <a name="http---smart.who.int-ig-smart-immunizations-measles-CodeSystem-IMMZ-D1-DE85"> </a>  
                  <a href="CodeSystem-IMMZ-D1.html#IMMZ-D1-DE85">DE85</a>
                </td>
                <td>http://smart.who.int/ig/smart-immunizations-measles/CodeSystem/IMMZ-D1</td>
                <td>IGRA</td>
                <td>
                  <div>
                    <p>Interferon-gamma release assay (IGRA)</p>

                  </div>
                </td>
              </tr>
              <tr>
                <td style="white-space:nowrap">
                  <a name="http---smart.who.int-ig-smart-immunizations-measles-CodeSystem-IMMZ-D1-DE86"> </a>  
                  <a href="CodeSystem-IMMZ-D1.html#IMMZ-D1-DE86">DE86</a>
                </td>
                <td>http://smart.who.int/ig/smart-immunizations-measles/CodeSystem/IMMZ-D1</td>
                <td>TST</td>
                <td>
                  <div>
                    <p>Tuberculin skin test (TST)</p>

                  </div>
                </td>
              </tr>
            </table>
          </div>
        </text>
        <url value="http://smart.who.int/ig/smart-immunizations-measles/ValueSet/IMMZ-D1.DE84"/>
        <version value="0.1.0"/>
        <name value="IMMZ_D1_DE84"/>
        <title value="IMMZ-D1.DE84 ValueSet for Type of TB infection test performed"/>
        <status value="active"/>
        <experimental value="false"/>
        <date value="2023-10-10T18:20:31+00:00"/>
        <expansion>
          <identifier value="urn:uuid:5d5efedd-33a6-4a43-9034-87e32d8b5363"/>
          <timestamp value="2023-10-10T18:22:09+00:00"/>
          <total value="2"/>
          <parameter>
            <name value="excludeNested"/>
            <valueBoolean value="false"/>
          </parameter>
          <parameter>
            <name value="warning-draft"/>
            <valueUri value="http://smart.who.int/ig/smart-immunizations-measles/CodeSystem/IMMZ-D1|0.1.0"/>
          </parameter>
          <parameter>
            <name value="used-codesystem"/>
            <valueUri value="http://smart.who.int/ig/smart-immunizations-measles/CodeSystem/IMMZ-D1|0.1.0"/>
          </parameter>
          <contains>
            <system value="http://smart.who.int/ig/smart-immunizations-measles/CodeSystem/IMMZ-D1"/>
            <code value="DE85"/>
            <display value="IGRA"/>
          </contains>
          <contains>
            <system value="http://smart.who.int/ig/smart-immunizations-measles/CodeSystem/IMMZ-D1"/>
            <code value="DE86"/>
            <display value="TST"/>
          </contains>
        </expansion>
      </ValueSet>
    </resource>
  </entry>
  <entry>
    <fullUrl value="http://smart.who.int/ig/smart-immunizations-measles/ValueSet/IMMZ-D1.DE87"/>
    <resource>
      <ValueSet>
        <text>
          <status value="generated"/>
          <div xmlns="http://www.w3.org/1999/xhtml">
            <p>This value set contains 2 concepts</p>
            <p style="border: black 1px dotted; background-color: #EEEEEE; padding: 8px; margin-bottom: 8px">Expansion based on 
              <a href="CodeSystem-IMMZ-D1.html">codesystem IMMZ-D1 CodeSystem for Data Elements v0.1.0 (CodeSystem)</a>
            </p>
            <table class="codes">
              <tr>
                <td style="white-space:nowrap">
                  <b>Code</b>
                </td>
                <td>
                  <b>System</b>
                </td>
                <td>
                  <b>Display</b>
                </td>
                <td>
                  <b>Definition</b>
                </td>
              </tr>
              <tr>
                <td style="white-space:nowrap">
                  <a name="http---smart.who.int-ig-smart-immunizations-measles-CodeSystem-IMMZ-D1-DE88"> </a>  
                  <a href="CodeSystem-IMMZ-D1.html#IMMZ-D1-DE88">DE88</a>
                </td>
                <td>http://smart.who.int/ig/smart-immunizations-measles/CodeSystem/IMMZ-D1</td>
                <td>Positive</td>
                <td>
                  <div>
                    <p>Test result was positive</p>

                  </div>
                </td>
              </tr>
              <tr>
                <td style="white-space:nowrap">
                  <a name="http---smart.who.int-ig-smart-immunizations-measles-CodeSystem-IMMZ-D1-DE89"> </a>  
                  <a href="CodeSystem-IMMZ-D1.html#IMMZ-D1-DE89">DE89</a>
                </td>
                <td>http://smart.who.int/ig/smart-immunizations-measles/CodeSystem/IMMZ-D1</td>
                <td>Negative</td>
                <td>
                  <div>
                    <p>Test result was negative</p>

                  </div>
                </td>
              </tr>
            </table>
          </div>
        </text>
        <url value="http://smart.who.int/ig/smart-immunizations-measles/ValueSet/IMMZ-D1.DE87"/>
        <version value="0.1.0"/>
        <name value="IMMZ_D1_DE87"/>
        <title value="IMMZ-D1.DE87 ValueSet for TB infection test result"/>
        <status value="active"/>
        <experimental value="false"/>
        <date value="2023-10-10T18:20:31+00:00"/>
        <expansion>
          <identifier value="urn:uuid:40360827-5b83-4362-a472-5cf1960d6e6b"/>
          <timestamp value="2023-10-10T18:22:09+00:00"/>
          <total value="2"/>
          <parameter>
            <name value="excludeNested"/>
            <valueBoolean value="false"/>
          </parameter>
          <parameter>
            <name value="warning-draft"/>
            <valueUri value="http://smart.who.int/ig/smart-immunizations-measles/CodeSystem/IMMZ-D1|0.1.0"/>
          </parameter>
          <parameter>
            <name value="used-codesystem"/>
            <valueUri value="http://smart.who.int/ig/smart-immunizations-measles/CodeSystem/IMMZ-D1|0.1.0"/>
          </parameter>
          <contains>
            <system value="http://smart.who.int/ig/smart-immunizations-measles/CodeSystem/IMMZ-D1"/>
            <code value="DE88"/>
            <display value="Positive"/>
          </contains>
          <contains>
            <system value="http://smart.who.int/ig/smart-immunizations-measles/CodeSystem/IMMZ-D1"/>
            <code value="DE89"/>
            <display value="Negative"/>
          </contains>
        </expansion>
      </ValueSet>
    </resource>
  </entry>
</Bundle>