<?xml version="1.0" encoding="UTF-8"?>

<ExampleScenario xmlns="http://hl7.org/fhir">
  <id value="Scenario1"/>
  <text>
    <status value="generated"/><div xmlns="http://www.w3.org/1999/xhtml"><p><b>Generated Narrative: ExampleScenario</b><a name="Scenario1"> </a></p><div style="display: inline-block; background-color: #d9e0e7; padding: 6px; margin: 4px; border: 1px solid #8da1b4; border-radius: 5px; line-height: 60%"><p style="margin-bottom: 0px">Resource ExampleScenario &quot;Scenario1&quot; </p></div><p><b>url</b>: <code>http://smart.who.int/ig/smart-immunizations-measles/ExampleScenario/Scenario1</code></p><p><b>version</b>: 0.1.0</p><p><b>status</b>: draft</p><p><b>date</b>: 2023-10-10 18:20:31+0000</p><p><b>publisher</b>: WHO</p><p><b>contact</b>: WHO: <a href="http://who.int">http://who.int</a></p><p><b>purpose</b>: Purpose: this serves to demonstrate the comprehensive usage of the SMART Guidelines for Immunization, by applying to a concrete scenario for Measles.</p><blockquote><p><b>actor</b></p><p><b>actorId</b>: HCW</p><p><b>type</b>: person</p><p><b>name</b>: Healthcare Worker</p><p><b>description</b>: Healthcare Worker</p></blockquote><blockquote><p><b>actor</b></p><p><b>actorId</b>: FF</p><p><b>type</b>: entity</p><p><b>name</b>: Form Filler</p><p><b>description</b>: Form Filler</p></blockquote><h3>Instances</h3><table class="grid"><tr><td style="display: none">-</td><td><b>ResourceId</b></td><td><b>ResourceType</b></td><td><b>Name</b></td><td><b>Description</b></td></tr><tr><td style="display: none">*</td><td>IMMZCQuestionnaireResponse1</td><td>QuestionnaireResponse</td><td>Client registry details</td><td>Client registry details.</td></tr></table><blockquote><p><b>process</b></p><p><b>title</b>: Measles Immunization Guideline</p><p><b>description</b>: This scenario demonstrates the process of triggering guidance defined by the SMART guidelines.</p><p><b>preConditions</b>: Unvaccinated patient enters facility</p><p><b>postConditions</b>: Patient is vaccinated and records are updated.</p><blockquote><p><b>step</b></p><h3>Operations</h3><table class="grid"><tr><td style="display: none">-</td><td><b>Number</b></td><td><b>Name</b></td><td><b>Initiator</b></td><td><b>Receiver</b></td></tr><tr><td style="display: none">*</td><td>1</td><td>Gather patient details</td><td>HCW</td><td>FF</td></tr></table></blockquote><blockquote><p><b>step</b></p><blockquote><p><b>operation</b></p><p><b>number</b>: 2</p><p><b>name</b>: Extract data</p><p><b>initiator</b>: FF</p><p><b>receiver</b>: FF</p><h3>Responses</h3><table class="grid"><tr><td style="display: none">-</td><td><b>ResourceId</b></td></tr><tr><td style="display: none">*</td><td>IMMZCQuestionnaireResponse1</td></tr></table></blockquote></blockquote></blockquote></div>
  </text>
  <url value="http://smart.who.int/ig/smart-immunizations-measles/ExampleScenario/Scenario1"/>
  <version value="0.1.0"/>
  <status value="draft"/>
  <date value="2023-10-10T18:20:31+00:00"/>
  <publisher value="WHO"/>
  <contact>
    <name value="WHO"/>
    <telecom>
      <system value="url"/>
      <value value="http://who.int"/>
    </telecom>
  </contact>
  <purpose value="Purpose: this serves to demonstrate the comprehensive usage of the SMART Guidelines for Immunization, by applying to a concrete scenario for Measles."/>
  <actor>
    <actorId value="HCW"/>
    <type value="person"/>
    <name value="Healthcare Worker"/>
    <description value="Healthcare Worker"/>
  </actor>
  <actor>
    <actorId value="FF"/>
    <type value="entity"/>
    <name value="Form Filler"/>
    <description value="Form Filler"/>
  </actor>
  <instance>
    <resourceId value="IMMZCQuestionnaireResponse1"/>
    <resourceType value="QuestionnaireResponse"/>
    <name value="Client registry details"/>
    <description value="Client registry details."/>
  </instance>
  <process>
    <title value="Measles Immunization Guideline"/>
    <description value="This scenario demonstrates the process of triggering guidance defined by the SMART guidelines."/>
    <preConditions value="Unvaccinated patient enters facility"/>
    <postConditions value="Patient is vaccinated and records are updated."/>
    <step>
      <operation>
        <number value="1"/>
        <name value="Gather patient details"/>
        <initiator value="HCW"/>
        <receiver value="FF"/>
      </operation>
    </step>
    <step>
      <operation>
        <number value="2"/>
        <name value="Extract data"/>
        <initiator value="FF"/>
        <receiver value="FF"/>
        <response>
          <resourceId value="IMMZCQuestionnaireResponse1"/>
        </response>
      </operation>
    </step>
  </process>
</ExampleScenario>